"","Louvain_3","Treatment","N","Total","Freq","CD45","CD57","In115Di","IdU","CD103","CD19","CD45RA","KLRG1","CD4","CD8","Perforin","CD16","CD127","CD1c","CD123","CD66b","PD1","ICOS","CD27","TIM3","CCR6","CD14","CD56","CD69","41BB","CD25","CCR7","CD3","OX40","CD38","CD95","LAG3","CXCR3","HLADR","TIGIT","GranzymeB","DNA","Osmium","CD11b"
"1","6","1_normal",8230,169733,0.0484879192614282,0.658258663126912,0.16911357920973,0.033096023305547,0.240032727928663,0.0499800700295537,0.0540900418186534,0.130230100769058,0.0406887596470578,0.0499059728463319,0.12617018091567,0.361792903576541,0.142730558550722,0.0452674302362485,0.0329500046423037,0.192732523378614,0.814998433379732,0.0963629348730804,0.189369529561856,0.0544858607416818,0.0234342444086448,0.0503660918814152,0.0538298774783097,0.117737405878578,0.389086463272722,0.0309417898946949,0.0304084342461255,0.0385997362849248,0.10918911626698,0.0163664462608728,0.142249898169379,0.425633223040761,0.0917666066895569,0.18388852348792,0.122040925231666,0.0558539206020582,0.43556158969571,0.804734381211937,0.862119521496631,0.734666736906314
"2","6","2_border",250,55703,0.00448808861282157,0.690238284245233,0.035653191117517,0.0124062967383236,0.149921513749031,0.040909335363477,0.0337474685563559,0.085138193593116,0.0256664515234981,0.0566557320661472,0.113886771023517,0.197490215762373,0.0882727916845602,0.047015448265507,0.0311731862797402,0.146412093452974,0.828637341310383,0.0860375329162994,0.170650875366512,0.0434564285361723,0.0224469088083617,0.0491924448003348,0.0643434408069697,0.122194292655816,0.483070893092237,0.034928421155798,0.0367514286160656,0.0492659255765772,0.0933061607131975,0.022851592403873,0.114885741836663,0.371667498530154,0.0695484744717583,0.20397568568568,0.140673688625761,0.0466811384971424,0.385221603016776,0.814624758703009,0.840463907204955,0.764055636603673
"3","6","3_tumor",235,333723,0.000704176817300576,0.672674211258566,0.0345603150708823,0.00975923659027752,0.216150412039392,0.0629909404619647,0.0634560366734764,0.116808266713891,0.0465447787485391,0.05483840787063,0.136367181963715,0.173481575318757,0.123419082067812,0.0466555425001565,0.0377734173514382,0.152403253929871,0.798805212496725,0.0899545188216808,0.186435875056156,0.0609811858452242,0.0232600647742858,0.0511276387326631,0.0708671876456752,0.149883820134393,0.505544584261419,0.0477151591414355,0.0412716300444702,0.0578004753308214,0.129702892121312,0.027792395494649,0.1581677135111,0.378994500939779,0.0796640490449339,0.255813064421914,0.148387055942244,0.0696585371994856,0.409060490357634,0.808673728153034,0.823156503135845,0.707446666203337
"4","7","1_normal",21617,169733,0.127358851843778,0.429158223511266,0.0182477768746745,0.00582082768347287,0.130441514858324,0.0526235747005795,0.0601145399972041,0.0712548900115556,0.0520715063702875,0.0492749753827448,0.127283422410937,0.372891629929125,0.623410082153615,0.0483661164238933,0.040687854028946,0.0180715749802283,0.567579070502866,0.0364225779130156,0.12720281031253,0.0350470320376163,0.0148364699435371,0.0225038660295697,0.03528745822537,0.0545773276830495,0.10627617343995,0.0124953184720389,0.00767693143420881,0.0188503710286412,0.0706165022305393,0.00652750317285285,0.115924179793458,0.278339913631972,0.0445004451698449,0.0886726303923622,0.0589708635745057,0.0420873987621928,0.238030045512931,0.751864687096185,0.406690961798449,0.569863014215144
"5","7","2_border",1015,55703,0.0182216397680556,0.531833208272167,0.0204417728081381,0.00681527776499323,0.115593680993383,0.0479201657349765,0.0636712958082848,0.0850447249625962,0.0558204515543602,0.0525970847279132,0.125640591506458,0.288418212800104,0.690669533995445,0.0574211541862678,0.0481013226094543,0.0260458492649936,0.66642861969639,0.0469712822329893,0.136207720684051,0.0387490167091603,0.0177233540466847,0.0277556041089798,0.0482265787678411,0.071387903050245,0.116067339441707,0.0130037262349175,0.00824346751618614,0.0207186339042094,0.0807732272271917,0.00842820018964101,0.123638258807561,0.322280011036257,0.0527076907427672,0.0977429127274204,0.0675216213577111,0.038369909154762,0.227413360322909,0.767206616204153,0.434561808091591,0.678852097886958
"6","7","3_tumor",3176,333723,0.00951687477338991,0.498558937267955,0.0171488282847773,0.00688204661060801,0.159562973745659,0.0549120048882318,0.0749983346348133,0.0970162525362878,0.0571397038431409,0.0622553696177408,0.148325191565096,0.264081480915926,0.68179688491004,0.0586914024300488,0.0559356245868265,0.0272243007889526,0.700249847473298,0.0620830879027259,0.16212171439648,0.0533139932816259,0.0271710577639356,0.0490528855851017,0.0651843364093101,0.0957312769719886,0.126799242552336,0.0154606928162152,0.0111021007275802,0.0300991031910213,0.10436414032983,0.00852260172786895,0.137357635286986,0.300654795806463,0.0532955241475321,0.126771614928283,0.0843704502013103,0.0483735593101072,0.229747445991326,0.763726550158661,0.438450002037903,0.643074610721211
"7","2","1_normal",487,169733,0.00286921223333117,0.698934909071673,0.0161460060991304,0.004337158599964,0.120768593181196,0.0567651652391829,0.0428471154445307,0.0490594330981611,0.228950896200815,0.0467378612794458,0.137885309600987,0.455466774504048,0.102821564555706,0.0368176007936125,0.0149460213442466,0.78734254362543,0.0796850845776806,0.0950691412319519,0.108533662086619,0.0397137920497476,0.0132918252437203,0.0180744090956838,0.024325316063214,0.0424573054288384,0.297059236186341,0.0170051626976991,0.312562022559094,0.0805694133689431,0.156754822570205,0.023946324486009,0.560013142309778,0.461679604425016,0.131549250431836,0.134838938321377,0.0767866330901903,0.0540820324333826,0.167665311961341,0.7500040829051,0.419176190615804,0.587251290039098
"8","2","2_border",66,55703,0.00118485539378489,0.692762120176819,0.0267148739148504,0.00554757632826686,0.0786263924416162,0.0380931154468667,0.0434307058144471,0.037798800506758,0.190581137825654,0.0350489175627972,0.109110142771886,0.273005980877608,0.0639407804065123,0.0267055918466607,0.0078560611093703,0.78394747431717,0.0658921272142744,0.0938624147519246,0.0937887958690176,0.0413018607633957,0.0138829161036694,0.0153787889924769,0.0175982211470925,0.0547237855285102,0.427479927420129,0.0260763449919714,0.325924793643341,0.0775129604370527,0.152545581500001,0.0170571625471193,0.538212963057136,0.4435582963814,0.12481798503744,0.155584940907121,0.0776868661322688,0.0513754608530501,0.0773341509984553,0.763033700376196,0.419825873479242,0.589851342310865
"9","2","3_tumor",140,333723,0.000419509593285449,0.670754830995644,0.0307570573164848,0.0108759618042747,0.124598899485677,0.0924965983093985,0.0466538143740578,0.049567165525568,0.23782528872402,0.0483009655259461,0.212131449127033,0.24793562576632,0.0771664757684209,0.0332953832334606,0.0147290122887422,0.779930337613271,0.093311987913109,0.106579015344326,0.131184769911027,0.0718527748828653,0.0139612147168591,0.0207338314608298,0.0364157651639937,0.0492393775563979,0.484828077086268,0.0313717875461826,0.337709691219379,0.0913947117268612,0.187193965092885,0.0253259510368424,0.52754747315407,0.452650433737552,0.150860654839736,0.227720929642629,0.0991215794519999,0.0653211680692568,0.0863663513417628,0.763761643997565,0.452124568046828,0.570741706384242
"10","15","1_normal",6947,169733,0.0409289884701266,0.653630668805326,0.022946863651093,0.00660393202013131,0.135198527139655,0.0623556467445916,0.0648153317031664,0.111572625555406,0.106919780023902,0.37536417806688,0.162918847699557,0.524172880378866,0.157356300153023,0.0499254629217961,0.193268719130389,0.145984762905345,0.0876112364398404,0.0321500884767353,0.126711535770909,0.0847855650328943,0.214031159925721,0.13936742138318,0.319057085482378,0.118083589968992,0.165114258560397,0.0209050667805561,0.0551819679980633,0.049457241489943,0.130598910596062,0.019535193812734,0.363111617395431,0.371555905138003,0.13329883225034,0.270033521538686,0.573457476629849,0.144096410784913,0.251341212199398,0.774429810162708,0.48749828648337,0.389639737784459
"11","15","2_border",3622,55703,0.0650234278225589,0.751231404863122,0.0229352691488734,0.00777997406478854,0.10354605818354,0.0750785040729002,0.0695220425928467,0.12887332989506,0.103419570023135,0.43516569069228,0.17351154941716,0.364161434911197,0.123533083968129,0.0374111405231213,0.268208239785194,0.165912577959766,0.0749290786487719,0.0421703300575523,0.124117239518841,0.0833878049997707,0.255406036775499,0.174691895996959,0.333252944451363,0.136993642060114,0.212189621755362,0.0245701146966901,0.0724307843595106,0.0598660659519136,0.135776262597452,0.0200130548009948,0.420662450268686,0.388793043325292,0.164703232838755,0.377126176770304,0.719853049409479,0.203036305365694,0.226488481189352,0.805879392032623,0.522362738927159,0.435512854707092
"12","15","3_tumor",8851,333723,0.0265219957869251,0.742225657047084,0.040280610682203,0.0147691770642348,0.150373536340989,0.148949788209963,0.107823432562268,0.156354269982223,0.116031141869476,0.47164359236692,0.309254939973108,0.36500672652804,0.17841915494003,0.05699708294251,0.101080248351503,0.114067071191595,0.125650012439197,0.0759445130167752,0.231373438740913,0.260131722169061,0.358197566897504,0.354194713828856,0.606521256839375,0.186995577333681,0.251226919209727,0.0468772574095541,0.098507481849534,0.117645553134424,0.269729910591074,0.0379212419973351,0.46986403090064,0.462588954671473,0.244794046206201,0.459883218458487,0.728538819449931,0.286064752934667,0.280661539897384,0.838828189950505,0.585857262166308,0.454704225527191
"13","8","1_normal",94,169733,0.000553810985488974,0.574749057967208,0.0214657584036888,0.00162764852371147,0.0925317756405835,0.0552631047375295,0.0610336180334703,0.332711541855124,0.0925452118100323,0.4921406600323,0.153447643292314,0.56069416557291,0.113889314070235,0.0580865204097078,0.0292789852136639,0.81407909416648,0.10194141706965,0.0909344705055387,0.120695884402158,0.0282327722735136,0.169289792679596,0.0298375378978185,0.0405716852626248,0.192547453120115,0.150670889853878,0.0172010308990332,0.0388457927393564,0.0780032880081474,0.0930365369041343,0.021691147295625,0.431151641555534,0.180687845063583,0.128388855677504,0.556875118518689,0.645364412468531,0.153860190814,0.327215001521415,0.765369086150121,0.484326607724525,0.0860928076093537
"14","8","2_border",156,55703,0.00280056729440066,0.644144618955287,0.0267172430707704,0.0170542328433584,0.0796032806896976,0.070434084576525,0.05731091463873,0.501053271492308,0.08969807407947,0.580531600462291,0.17560397414516,0.383687610799025,0.112615248088559,0.043983078507602,0.030698986196324,0.88507792212724,0.0921708861632937,0.141712324909231,0.112294970526965,0.0474900663202803,0.116033705729773,0.033313037384162,0.0407125497852246,0.158321543682256,0.156977097684757,0.015735391297664,0.0441814757555163,0.111343673300973,0.0987212942433312,0.0246941181240676,0.448186771007944,0.167585784809675,0.175378319981187,0.638144131573671,0.673589622025197,0.157000274698425,0.35168491339044,0.784552986473835,0.515613294394872,0.078911288554246
"15","8","3_tumor",304,333723,0.000910935116848404,0.653572161932976,0.0252081264192347,0.00843596648880852,0.123079750575581,0.114168069933247,0.0852653009922893,0.569155910073806,0.123353047350112,0.6724473207132,0.243649803370624,0.325188963508386,0.121642987930025,0.0528943625816586,0.0306205091911432,0.920023789616871,0.120797979063073,0.200992063177682,0.153527285399126,0.1068895847899,0.0823519039407184,0.0469774694777703,0.0493810245280091,0.160290036537628,0.153934544536056,0.0257852543793723,0.04493573545819,0.186931320827751,0.167086618199071,0.0260985511050948,0.421653023699445,0.215715653918733,0.215555422239999,0.697792159246011,0.635988042340865,0.177717111895235,0.485228595322806,0.792836439821491,0.542931014916549,0.0771192181687933
"16","13","1_normal",175,169733,0.00103103109000607,0.566910014669627,0.046347786116025,0.00490957361571762,0.143186153306664,0.064537302810029,0.0377582665414128,0.0671800911412332,0.383224855803374,0.312333808660281,0.14349487362787,0.495785836930931,0.109087233390103,0.0403530135096739,0.00830807788485703,0.0192836204397835,0.0689911362593307,0.014657467049365,0.11647566097056,0.0296471343322221,0.0508130793562744,0.0341299911809635,0.0463823227187965,0.0664135976064888,0.587856020874449,0.0779982337299486,0.0376769760176905,0.0263934692323182,0.068707655574075,0.0131623012983609,0.212027550278184,0.112399214891036,0.0383256688932478,0.129445972807553,0.0933461158290722,0.038602140853402,0.210827844648884,0.774272287029283,0.486714262406974,0.117121433095189
"17","13","2_border",44,55703,0.000789903595856597,0.614516627404312,0.0926037425846447,0.0169320533498638,0.0610991740843458,0.0396481919657711,0.0285773877990895,0.0610908012128058,0.452497766232582,0.297583678610852,0.139493462799035,0.323713247414246,0.100380570047699,0.018952973456467,0.0162498903096657,0.101734689464571,0.0472941088414929,0.00970158129053921,0.0992169678836246,0.0324282867660247,0.0875699554731602,0.0331803105684996,0.0430488446133729,0.0873360791706222,0.634644473572448,0.124228948826442,0.0932625445181025,0.0407430794488126,0.126509359092836,0.0365881666454241,0.412100371867813,0.150687521347302,0.0534659586447911,0.150262155331178,0.131482879036802,0.0318192313866182,0.182337233831042,0.775240354950983,0.461914521115463,0.150456845348002
"18","13","3_tumor",506,333723,0.00151622753001741,0.606279913206457,0.0908541595604687,0.0133206944145781,0.127761858558893,0.0785470350248861,0.0472676390222227,0.116602325048049,0.448535490477225,0.349639403185639,0.295959800052524,0.262881201612516,0.0944663578146918,0.0208787094262908,0.0138973289957238,0.0896578410801943,0.0712992904662955,0.0211682688950132,0.153728628544251,0.0483340542706061,0.196005577002894,0.0207067977722288,0.0500827101044556,0.0773902773431668,0.599777711904901,0.143055267176251,0.124703410277302,0.0965915010211775,0.232610507818083,0.0444636456752878,0.563287012772312,0.20756789406501,0.0831721725560668,0.19567812919107,0.180478127239392,0.0576898824925716,0.194942979812556,0.773797810235863,0.479541257445903,0.140606546341103
"19","3","1_normal",20341,169733,0.119841162296077,0.75898713590468,0.0170352863880316,0.00454452761465516,0.1165227596275,0.0642188770629294,0.0414874973060218,0.0657053088260599,0.684216329650137,0.0567201492958683,0.3942346352019,0.4761472135574,0.107627780127509,0.630630206470546,0.0332101933965881,0.0111193537357733,0.0607307729478082,0.152157382933702,0.156626759878447,0.247575453609599,0.0132182074225707,0.204583690107437,0.0709588953084253,0.53317274958663,0.690067081486335,0.0866148831217116,0.0695335282920446,0.0966400191380074,0.689557151042064,0.0665691077470672,0.180393203083216,0.399956104345279,0.10023258645238,0.156415038542653,0.0862934805090438,0.0444059493955947,0.127524980712853,0.74036451967966,0.363466673514042,0.1122697665618
"20","3","2_border",4978,55703,0.0893668204585031,0.762113933120738,0.019097789887979,0.00583620268282794,0.0851658775725941,0.066830025979202,0.0361839639102632,0.06539590081241,0.663212262910196,0.0500814551129537,0.372893723767643,0.352735470607494,0.0801678961045394,0.658280654878649,0.0317921041005668,0.0105763888254538,0.054401515172598,0.13822819014847,0.15335801429386,0.252671599023561,0.0131891112531793,0.287363498245393,0.0671467221755372,0.479390101397492,0.726205542307632,0.100039918019974,0.0705005631315423,0.0949358534041755,0.689346091778314,0.0621921883390282,0.18113700813307,0.408801950273001,0.107475441740823,0.237387586986223,0.092043293622807,0.0402614669633489,0.105786411355736,0.751888176674786,0.384594072903185,0.129469854175278
"21","3","3_tumor",6925,333723,0.0207507423821553,0.683470620869989,0.0232567785580042,0.0062955239837122,0.118595212196058,0.117894244403502,0.0414266339007155,0.0641314127722174,0.56714225018277,0.049414688243607,0.417472909007681,0.258089016652744,0.0820034477987119,0.656616951916171,0.0324282524060316,0.0113177240145196,0.0584063909502711,0.0614675383715892,0.159006445163289,0.210101956671682,0.0125358328669177,0.229778053406182,0.0543664096975247,0.285719376449467,0.699795092303676,0.104175067108183,0.0723439839031885,0.106988132624122,0.647818892619358,0.0571234747832611,0.192090236437936,0.375664318303339,0.115520230569843,0.373397145693223,0.0887219392724305,0.045352304463052,0.0827494415499263,0.744939622318337,0.370020025948953,0.0723535943345347
"22","16","1_normal",6911,169733,0.0407168906458968,0.710875283701604,0.106077627628207,0.0353025679942654,0.119655573632339,0.0379816889462266,0.0459513874591261,0.509019328888127,0.433566982016762,0.0443387810649455,0.260372024476147,0.50124481833905,0.219700343563225,0.0360218616919179,0.0171056584473354,0.0112787957979723,0.0598683919683026,0.0418699443139088,0.0873152001452974,0.0692934385523,0.0184341606476318,0.0164212006342682,0.0517404070656872,0.590126153645201,0.512551087814686,0.0403317961531285,0.0912720510222644,0.149377819743429,0.791139303403933,0.121560547815108,0.222617908805886,0.436043053155368,0.116547425670252,0.185757407563614,0.179015086568899,0.503916377630827,0.358312671168323,0.738142779927099,0.371909621860324,0.10465733485609
"23","16","2_border",1067,55703,0.0191551621995225,0.729111032900291,0.118965122516338,0.0452140717111149,0.0846646671533084,0.0379620107998307,0.0567778712177366,0.598109175488918,0.43444814192184,0.0463961653924227,0.280436031646831,0.377301535885132,0.249140590645708,0.0342665124067551,0.0173095611339127,0.0145421830056201,0.0527229206161848,0.0469638988674241,0.0805334779136128,0.0744694653167683,0.0217071609547005,0.0221610123744507,0.0597293366899541,0.637962733102633,0.5370979693853,0.0470688511061173,0.0980078077223117,0.159883930021858,0.818506499315109,0.132063476862625,0.231814689737645,0.448780204242802,0.1236936330785,0.277285550788006,0.194403031319121,0.529513410805725,0.331796374364783,0.750514660020959,0.393304831151314,0.110807068050121
"24","16","3_tumor",485,333723,0.00145330109102459,0.705397850433573,0.0888393393043106,0.0329131578569659,0.113139104866133,0.0594863636135946,0.063260855944749,0.527770293000875,0.54277034498701,0.058027659466469,0.369489611429184,0.282232375434022,0.152414621640497,0.0734020508269558,0.0189694953671969,0.0138533994194471,0.05993390924238,0.0307159321818354,0.10261805064672,0.0723492284446073,0.0155839471841468,0.0272388573504067,0.0641401226418155,0.567102861178493,0.596210811578115,0.0589613583466393,0.088872698107218,0.150762479931202,0.770245224437878,0.115277152714654,0.252845494667312,0.454410024332231,0.183386307680164,0.529474144266661,0.206578948238618,0.497821263402305,0.226662552003959,0.74788766692882,0.389742948251585,0.0806080656116574
"25","5","1_normal",6714,169733,0.0395562442188614,0.727629712398578,0.174434652150157,0.0446785918641795,0.115231511605253,0.0740392735297598,0.037493327594034,0.174342665154804,0.136913916131743,0.0378692735081248,0.350019222021579,0.470108584509356,0.0945830384446302,0.136657507556547,0.0159832915633387,0.00895600003124652,0.0539341276891864,0.0953683590061837,0.145492038426761,0.0695887824595277,0.00946671708542681,0.0313939587640371,0.0302800913662036,0.639606701379955,0.690006175292138,0.0727363712812205,0.0657983368387514,0.0650375843020045,0.583862006021312,0.0414394823429354,0.182163032828089,0.430460617667304,0.13637456898936,0.392421616717914,0.142434538928373,0.171046545128088,0.314108610989681,0.740430702006658,0.37772377911888,0.173945948118683
"26","5","2_border",1728,55703,0.0310216684918227,0.740463284386535,0.230848190531469,0.0808870631326494,0.0841033682766935,0.0791206364041784,0.0370426944202149,0.224178181549203,0.163539459368888,0.0369363037351632,0.405529660256875,0.309862295907027,0.0747555942965672,0.21139821007157,0.0150693564973171,0.0101942253540411,0.0494543787427849,0.0776423288802181,0.148078232242382,0.0693049178506312,0.0108978890671321,0.0405668281423709,0.0315176422081214,0.578354051146121,0.692655895061994,0.0755947625392771,0.0644028633083951,0.0662051915655166,0.590833928172851,0.0387374221839894,0.211289327602565,0.444206019983004,0.161385966905104,0.504127277729567,0.155446300869619,0.16521431717237,0.282258780205459,0.752738394023358,0.401426805558277,0.178698391255771
"27","5","3_tumor",1416,333723,0.00424303988637283,0.722996064218167,0.313029533667994,0.131695586397864,0.107226177238515,0.0887700407826642,0.0471850948782883,0.374303456659594,0.370950685148087,0.0463409219881185,0.41401472035951,0.244913431092662,0.0800938954222413,0.322177754504781,0.0203750647207114,0.0114877950587297,0.0593568879091747,0.0516211265699051,0.190039165523475,0.0704331413555918,0.00951096527237236,0.0244758821726062,0.0464731527518568,0.366865777235222,0.60425287687969,0.0636524132151596,0.0638690626926379,0.077728836301231,0.628540724880959,0.0568392835075298,0.19752349619877,0.499507613785752,0.230905005207169,0.577953699838822,0.191668695492149,0.168057456683417,0.25022955164246,0.749503846603447,0.406375023881681,0.0931412852941756
"28","14","1_normal",8537,169733,0.0502966423736103,0.656256489843542,0.0361153295585437,0.00779725788569461,0.134585189437746,0.0466506494222478,0.0494878195569646,0.430689691021292,0.125203392817338,0.0414976824462335,0.175913339326393,0.727863345715924,0.484750869849708,0.0914238588439956,0.0378620977019181,0.0155521442874638,0.080055782154638,0.0296382276151643,0.109617075770627,0.0941015179124829,0.0926301774670801,0.0198307165817892,0.0278648117894844,0.48958677741269,0.464951159985985,0.0339323636484599,0.0712945125586974,0.0613823286730511,0.100145013826255,0.0206583858053063,0.495729716291624,0.290060619427779,0.0817086692901887,0.175406067386365,0.0887601016795334,0.382451506301255,0.44308898344361,0.741445783285424,0.39461481144096,0.297783266374847
"29","14","2_border",1983,55703,0.0355995188769007,0.671737360538063,0.0271182524558858,0.00693159898714459,0.098876266358007,0.0811883769265128,0.0513991085386794,0.508324054682441,0.112172115911818,0.0430016023664899,0.164114052084554,0.633025352216741,0.382955235934129,0.0700431294011532,0.0288483557207801,0.0141022236444032,0.0631331459122829,0.0269745289125663,0.0978687207325218,0.134756924262552,0.075784155707904,0.0303748689673863,0.0369685197250894,0.604013066338261,0.599638594621364,0.058401174090356,0.109429370137378,0.0885889379067311,0.129637799980068,0.0307061410019019,0.564657450251809,0.323443722202425,0.106977873259028,0.263704325352499,0.111725882215399,0.417589358686439,0.362513768212862,0.754685877165373,0.41410872859809,0.297711275193561
"30","14","3_tumor",2640,333723,0.00791075233052562,0.588968621865025,0.0129184637071763,0.00445869402350195,0.113996517423418,0.313350576827614,0.0396860710586044,0.258201818634872,0.0876192295478706,0.0304163539846902,0.132295887441978,0.368694795409998,0.170743141550916,0.229810565957806,0.0197100533950549,0.0101592588750905,0.0587908859275934,0.0211707392268253,0.136303743853128,0.114986370625887,0.03826599851905,0.0531030462505418,0.0243744042755603,0.536805775714864,0.581586471390848,0.0527760056569657,0.109502605789211,0.0628649104227199,0.0831992432288168,0.0233599160988165,0.422587827133298,0.260553722753387,0.102582391823,0.445628204472808,0.14307305422792,0.229193309411078,0.126235935572311,0.743082262410694,0.387690388253195,0.132782907428853
"31","20","1_normal",3759,169733,0.0221465478133303,0.794737187830383,0.467479229368612,0.3076349842655,0.165407397198012,0.115150417949553,0.105009994294592,0.453288663925275,0.459958813830516,0.218173301533803,0.478309625010811,0.720619083999386,0.635314377918859,0.34304255599885,0.0748834766916145,0.0624844253081783,0.443564029949512,0.169184039065255,0.254687990954386,0.232884355249574,0.0881233939532562,0.0929521982189023,0.0835180237028234,0.461175668162808,0.55494151998979,0.0692186949239312,0.0883269355191593,0.121536086795783,0.600343353929763,0.0680360384299574,0.367760039631577,0.530397587727148,0.197424970156214,0.325315574981737,0.197803077909307,0.311866758555697,0.611559807565979,0.854356145003323,0.592836471870639,0.533421790875411
"32","20","2_border",231,55703,0.00414699387824713,0.821938926085455,0.486692192685576,0.354217717309631,0.0932237280135582,0.172004037627534,0.104919087479856,0.527605752087174,0.39702602830987,0.333090360175134,0.447226536095564,0.652405491100241,0.628503190532117,0.398450889657038,0.0663672834368654,0.0354594316130049,0.295088304101151,0.203569609476377,0.2855357828646,0.34112822465574,0.118164231135403,0.120933211777457,0.0862941284119766,0.445752909193768,0.627199438813418,0.0937407223356511,0.115132485095161,0.141448819121188,0.628203026067058,0.0743534134760343,0.425881344403947,0.564797018359838,0.243488243961906,0.478651763173099,0.230526248906891,0.336550078859801,0.563460091311635,0.849318622455037,0.538784964259988,0.461735863489064
"33","20","3_tumor",881,333723,0.00263991394060343,0.806435555694961,0.244506887875052,0.145634439896957,0.166727832473089,0.37720032593171,0.142539654865396,0.275491764183932,0.231513182534894,0.321548998218974,0.603184360114173,0.482645314473978,0.666856104947834,0.236870526170881,0.0810150905966605,0.046040191826108,0.598494950455308,0.357801470315293,0.44613774043946,0.545185853081084,0.139730165486732,0.0890957213358561,0.0919191746045844,0.248122568715111,0.631986896397912,0.117739538499484,0.137305480707919,0.169208736173067,0.695793331307581,0.0973738710240454,0.431871987597932,0.605620951146911,0.336858456542804,0.605957959366662,0.290969060442024,0.469734874638719,0.413480902411863,0.849668276407121,0.550205278164125,0.572471744430615
"34","4","1_normal",25353,169733,0.149369892713851,0.644158368347825,0.672466962821985,0.448733264145014,0.119330953957121,0.0391833008240714,0.0629270253818199,0.577702174130279,0.154209836437466,0.05232549360521,0.239883675129703,0.809267607084687,0.656265656920114,0.114555598881783,0.0522840899911076,0.0181565445023708,0.0884111298778353,0.029941518431532,0.114348193215495,0.0266224938505868,0.11039782123442,0.0169133166765652,0.0309493295513043,0.458556194874128,0.306440565451961,0.0185003948589677,0.02792902641826,0.0302356962362013,0.0691027243464626,0.010172650152132,0.392750237705439,0.287966353067308,0.0678527095050269,0.137118597125345,0.0830139241533724,0.250098295368195,0.676578448230491,0.746025563720182,0.401959182721953,0.293386949794849
"35","4","2_border",3434,55703,0.0616483851857171,0.645925194254241,0.77116767761559,0.585565988704459,0.0786979334347047,0.036411416018282,0.0691687222615568,0.706033686323237,0.170018585092001,0.0586020895889776,0.231094678616676,0.746311122700862,0.642514732880582,0.0852339774368094,0.0462204841695623,0.0190436058369942,0.080104753591633,0.0295137206134318,0.100438627304471,0.0262968416261843,0.106941739398259,0.0232727962835938,0.03951458585996,0.477718909759958,0.374451536044335,0.0221589690486582,0.0306512931008111,0.0368128669443778,0.0652613051359165,0.0117595879633168,0.413955735031632,0.285891836035293,0.0687995225384927,0.16566200300071,0.089194583560987,0.262440698667258,0.659357421477266,0.757926920299986,0.419958158704506,0.317870192978077
"36","4","3_tumor",406,333723,0.0012165778205278,0.639122056887239,0.746674126611861,0.575513812751228,0.112789656037848,0.0590140914510382,0.0973411073980258,0.655086970913025,0.179228133567462,0.0801712738431387,0.235937674941153,0.718607779960903,0.681518091776107,0.0948765188880352,0.0638097273963754,0.0224265778994754,0.100527494564427,0.0325324099411646,0.121500258319198,0.0548314640713067,0.0925226419459184,0.040203988236618,0.0511921019886816,0.47145307804749,0.271538760072105,0.0222168558462504,0.0331673177647752,0.0444151377070786,0.087265412412499,0.0114181033478072,0.373013669978158,0.316937726586547,0.101033170327974,0.254047143529748,0.143370992948514,0.272170533639088,0.615895280532494,0.761693783876244,0.438147680673593,0.249038525850107
"37","10","1_normal",17547,169733,0.103380014493351,0.713081195012485,0.709964329110666,0.500870574925322,0.111471521798959,0.0381430823122939,0.0626864007822184,0.4221330589097,0.631454730746373,0.0811047509487576,0.663635224754531,0.63374148807341,0.182390559679618,0.177208762077503,0.0324831796270875,0.0155770017258708,0.0709026227282265,0.0471482849954268,0.16659602484722,0.054195222074748,0.0141293269261715,0.0193252531488968,0.0606580393696875,0.14927288910871,0.240159973964953,0.0190163851682646,0.0379378595134292,0.0699002129157916,0.658021268923064,0.0520912696395588,0.111537124210582,0.453427357153463,0.116827593901225,0.248745735884751,0.130204621114411,0.241327334610666,0.686916665421908,0.749100773727051,0.398498667098456,0.205095463155119
"38","10","2_border",2192,55703,0.0393515609572195,0.710430995107681,0.821951484473946,0.664916000632585,0.0764777924939381,0.0360419964448293,0.0588969978256443,0.499552030202584,0.631782694517253,0.0841856589063717,0.670426195357116,0.518786945150156,0.140262523656783,0.176312643550547,0.0293121599031094,0.0172456172826227,0.0669881791477734,0.0414045280986345,0.158975252801915,0.0488011878380455,0.0139181237781064,0.0221642470374733,0.0607201502559868,0.137477490995968,0.22776395323793,0.0183564523412201,0.0351919770006488,0.0679614662468295,0.65081144510223,0.0444175600673999,0.101756251198744,0.447255286682263,0.121329148548701,0.310816999106245,0.135968284110074,0.221885362552258,0.645383794380289,0.760010180301725,0.413285288989553,0.210456558637287
"39","10","3_tumor",502,333723,0.00150424154163783,0.691541722138509,0.795816484193801,0.643573447115913,0.0922701625898771,0.0543408843933375,0.0806011212087143,0.47995721300128,0.644009600156687,0.105787552304482,0.682204125521385,0.487588887814738,0.152841024288452,0.265947830708458,0.0345078919573423,0.0213901705053156,0.0799744232105305,0.0436631379277082,0.202263306693934,0.0598790423405366,0.0156093987460686,0.0302090878621494,0.0782791783857484,0.15967810606542,0.181691301312617,0.0239204087387261,0.0415049524441847,0.0780436221638301,0.649093240242731,0.0471385730982104,0.131368335608658,0.469149677629381,0.150824586720186,0.394995782642397,0.166761082021139,0.229296542256178,0.550309573293957,0.765091006507004,0.427871984337661,0.153073452383624
"40","9","1_normal",1513,169733,0.00891400022388104,0.738617610542158,0.575893657382594,0.393667981141699,0.107539753169458,0.0322213761971577,0.0363126393532567,0.0978551657687871,0.583682761875416,0.61398607456363,0.130923138279168,0.501805207947888,0.0929344735081864,0.301767132213899,0.0188565843471329,0.00923357236037462,0.0578941140613286,0.189251755919684,0.209582667371925,0.0277110179105419,0.0123343004308639,0.0126680397179082,0.043113300025013,0.100253123704068,0.265751297240038,0.0179254713210477,0.038413915126781,0.0652305114306727,0.663510571046819,0.0500758003856857,0.100521016477138,0.46582738989345,0.118890338528289,0.223967546628767,0.111548796481486,0.139984607380273,0.618131596128478,0.741949468261965,0.396447105138391,0.239835987600633
"41","9","2_border",192,55703,0.00344685205464697,0.742998429619997,0.677320872658183,0.5268574321804,0.0710134791705078,0.024178946714096,0.0320392105169066,0.118901830777487,0.555770270400696,0.607517485597522,0.118823224399023,0.360762351731363,0.0778431403040609,0.304806992312803,0.0164197600178475,0.00977196921862444,0.0612995075626682,0.224354988566758,0.216552208825831,0.0258936331990162,0.0112241326570298,0.0188837226797376,0.039910387274878,0.105547426621698,0.301485456613631,0.0143831136597474,0.0427290617945499,0.0601427581319484,0.666634403669434,0.0563126442125718,0.101966582747817,0.473965474825211,0.12623054156054,0.328012644348463,0.13642035815412,0.156101957696219,0.577136951448659,0.752263053263821,0.413180744240712,0.245924591889256
"42","9","3_tumor",34,333723,0.000101880901226466,0.714345675980785,0.694481338691283,0.587613093756128,0.114395100673731,0.0653826790599583,0.0432500115298989,0.148884345157133,0.637535066931665,0.641838982283992,0.179654116304746,0.378825645584368,0.0732204957408051,0.4631327456907,0.0101261665123203,0.00786524384433782,0.0480202408246928,0.220484164714151,0.245350069535745,0.0258254116665566,0.007709803492554,0.0271296769553549,0.0369563335127845,0.0899271245437357,0.213848676641991,0.0169808175561251,0.033467260112319,0.120080524039334,0.681660132966379,0.0416325687802552,0.139059628510604,0.507323311288863,0.148374117952705,0.36106086856018,0.163023825904739,0.199081740740008,0.57099882813378,0.753878115572101,0.424034626250641,0.185607986476369
"43","11","1_normal",203,169733,0.00119599606440704,0.706768385308905,0.0103522339254664,0.00186658846181245,0.109403772524231,0.0363607574694063,0.0535263452975827,0.44340313364933,0.138590773389641,0.0561183875064149,0.677167789515408,0.429209115725435,0.105171339241878,0.389950109049007,0.0284422397891986,0.0123941080528525,0.0489273493230958,0.0118194896697692,0.13424466083587,0.59897754816217,0.0301484965833721,0.0173556066184624,0.0281971464981236,0.0487778148049473,0.260466572804526,0.0156947473856162,0.0763865754671178,0.697832438671986,0.688557994393548,0.0716165796898933,0.143923406634986,0.119176406966859,0.0485183948238305,0.374512819734197,0.068970727035551,0.0402314646628298,0.115669939468256,0.735946104748876,0.364653161956442,0.0753863032875252
"44","11","2_border",32,55703,0.000574475342441161,0.717160568368907,0.0193785120831588,0.00160728371107226,0.100462929588348,0.0144220194143755,0.064582522985496,0.471495150397732,0.0986046242137192,0.075712292918773,0.683656938273927,0.256418383155936,0.0862029055827728,0.336143908640675,0.0236710664146971,0.00764125295048613,0.0497732356364915,0.0142569200349112,0.1255667274452,0.588395378288186,0.0433671004172663,0.0128654565277516,0.0120656850205096,0.0347526313773809,0.284060728197085,0.014082695346603,0.0676224620870152,0.622444419564943,0.67709726579087,0.0569989178295175,0.206399326398954,0.116366654904748,0.0311360177845225,0.411703165023879,0.0798637066987303,0.0385235047435436,0.110772092558857,0.750702002201838,0.370448828871485,0.0689302886307432
"45","11","3_tumor",46,333723,0.000137838866365219,0.71361563865995,0.0143670086492983,0.0078934702322114,0.094689192842306,0.0603079196898022,0.0636860799422859,0.502722286377226,0.179460178154408,0.0585356650679802,0.745892753737237,0.23558440916923,0.0885736484744407,0.486370171716792,0.0439507671630077,0.0107226980991633,0.0638364039143405,0.0163308859399355,0.184033398029975,0.624180795593584,0.0290732678085498,0.0173756744546387,0.0250751507941545,0.0493294361961774,0.269551730895532,0.0130240967419746,0.0748149704504745,0.669870919811892,0.68940690695707,0.0748193906009389,0.158871230681981,0.133600211853806,0.0537774493962587,0.420111706441496,0.0783433965554406,0.0422164567752531,0.0834410322790908,0.747946601782714,0.377509189261477,0.0732108900113693
"46","12","1_normal",423,169733,0.00249214943470038,0.737559970926617,0.00792837296237139,0.00375735812229707,0.134859034637733,0.0367385080860899,0.0411266736665848,0.282700203063126,0.142043713713799,0.646374540577744,0.135805924640351,0.39641701031437,0.0764901056571486,0.396116923514829,0.0207836910056283,0.00799779958452536,0.0553470925437819,0.0113528207961518,0.142789659653315,0.575269722546119,0.0182687595583954,0.015344374533478,0.0216514704761732,0.0862909938443465,0.242560998860589,0.0194603088666985,0.130968093863963,0.725389265455221,0.790432176141002,0.129322272345201,0.245498761664762,0.156205722291987,0.032988097353759,0.111121898479431,0.0430976397121501,0.040909503669998,0.112247506863469,0.729257033543907,0.350414712123352,0.0941456067948801
"47","12","2_border",74,55703,0.00132847422939519,0.742933534863394,0.00889594078279806,0.00708228672344713,0.124913625221879,0.0227709843562327,0.0386110845318013,0.372599121764006,0.140371389111632,0.654776548899403,0.120138276726287,0.196692456544327,0.0593899398987293,0.353617525499044,0.0133367728183581,0.0197358999505717,0.0530838020940997,0.0112153313540554,0.150715010025705,0.575691987526964,0.0169180506519928,0.0146354074351064,0.0194172088633221,0.102324152920818,0.298669892762139,0.0245325741324789,0.134008318799876,0.663592915297452,0.793387983447785,0.10331786922172,0.277260652105869,0.163940454401768,0.0314512233424988,0.155342274314187,0.0411028355803125,0.0456691810618361,0.0845122503943072,0.750604292633581,0.375691065017523,0.104194782658596
"48","12","3_tumor",194,333723,0.000581320436409837,0.730411214247304,0.00856055443897148,0.00409747816425198,0.10001083999279,0.0365476012398735,0.041549559068869,0.338586558290871,0.175125384346821,0.692644913255362,0.136783511850372,0.197939447216357,0.068769283157607,0.431729319925577,0.0192733912987136,0.00771277322187727,0.04845487737128,0.0104751775190105,0.203534232481596,0.595787686989829,0.0334620468565205,0.0153297215905666,0.0260882309163026,0.0908348118281861,0.26880397067157,0.0190314510168484,0.139826120419125,0.681653547285644,0.793748573067857,0.106229964175413,0.269097908633794,0.187706776251315,0.0359119397960099,0.167496520709351,0.0434725809635476,0.04783024047506,0.0793028387011234,0.741715527943407,0.359454720074879,0.0607407889745468
"49","19","1_normal",74,169733,0.000435978860916852,0.415038206546736,0.112134837582199,0.0619342038423427,0.115181779194642,0.0612454731485656,0.0401636329911724,0.0578043188966655,0.0487600672083587,0.0875196972935485,0.137264800072021,0.262579027277245,0.126769065319576,0.0235225499080027,0.0172610505837978,0.0252909192583178,0.166998282303074,0.0580415304877603,0.111844825460237,0.0750920549706492,0.0405676353690575,0.130749303763267,0.0663432993479331,0.0801145775089702,0.128074398341414,0.0372008180207175,0.0600386428604779,0.292152827060331,0.225273047792897,0.0422025779909974,0.201844506028854,0.258372735551925,0.138372335401512,0.547653955297745,0.317669229978526,0.137418090694167,0.230044939488266,0.73718546531137,0.390978524416939,0.20024022986478
"50","19","2_border",73,55703,0.0013105218749439,0.610385976206312,0.13192801835467,0.0629784643637586,0.0963327881247519,0.0571296217243378,0.0603687498849446,0.100865219928407,0.0744585969243907,0.0829393645637885,0.137688752176794,0.18295024803361,0.087867068988781,0.0603709766317431,0.0104916912976948,0.0322518601073329,0.144288995720925,0.0836173938206946,0.151792381365742,0.106252201708892,0.0250896667174638,0.23268791679144,0.0742425762381565,0.164614644013852,0.267712461378579,0.02796013548439,0.0524158781287365,0.279249115884016,0.444594876603772,0.0671580039836559,0.236795996608902,0.36400347679897,0.268489259237234,0.665620105704029,0.385679479232769,0.137004430311013,0.209402574888537,0.768219468616556,0.419358234416543,0.225546688997663
"51","19","3_tumor",10480,333723,0.0314032895545108,0.648896516172869,0.0495457289023285,0.0157307924611809,0.142298049919659,0.0433205605722536,0.0434186789142468,0.0764679913261243,0.0291756213964705,0.0324366044932931,0.0841887106050451,0.0340666153279282,0.0801424609057689,0.0271003116183669,0.0216405038603088,0.0161298855824253,0.21905102580875,0.13963021951988,0.163235341047117,0.0559387044491815,0.0225162050556764,0.176412611696499,0.0580828514703863,0.13942819722469,0.289548417431048,0.0286366626794343,0.0561831756781463,0.415059979347474,0.470329879102416,0.0680902518459209,0.244160660207345,0.344777871949331,0.349273533783583,0.782874847394952,0.465861816935601,0.123292919554655,0.137720978268596,0.751063079810652,0.428272430007472,0.228013118007655
"52","17","1_normal",348,169733,0.00205027896755492,0.529110118724296,0.0240184952554791,0.00918338641374115,0.139101346438094,0.0582938628539911,0.447863167108413,0.247517160516637,0.0584267936413163,0.0676876886329895,0.157034498637675,0.567123390110392,0.165250208040209,0.041910835296724,0.0341819207286193,0.081997037032821,0.11281588660396,0.0799607135902321,0.138221882062834,0.620216226863158,0.0516456770547084,0.0862155102489904,0.072737323329675,0.103792937497416,0.16081190635694,0.0247493036988503,0.447133754227468,0.40913244305535,0.447483717582082,0.246963201674937,0.8524737932003,0.553847561213321,0.334661480818072,0.289125324211906,0.16233091425203,0.0798577209797428,0.201700332865295,0.779099713991856,0.457698445435748,0.0756091727279281
"53","17","2_border",128,55703,0.00229790136976464,0.611883513003816,0.0236534627032522,0.0041438578935044,0.112532844798239,0.0645102160939423,0.506435735029582,0.296577952362366,0.0814191056631383,0.076596309890671,0.163831993257515,0.361390531625875,0.114442951038267,0.0263962985069307,0.0350682532076774,0.094151157331159,0.0814024617625582,0.0506366413935901,0.118949262867402,0.571439247634983,0.0368291000131965,0.0840909638051607,0.0598362402186356,0.129780324066183,0.172219080128809,0.0289026702384056,0.491422469817028,0.417552418481102,0.472328093962141,0.251458386427761,0.882327514778796,0.598795109471884,0.375554720945361,0.3974650351409,0.193262041607677,0.0714701350467864,0.153175175174924,0.80229856941562,0.461195336229409,0.063068550170066
"54","17","3_tumor",31609,333723,0.0947162766725698,0.623403947285978,0.0225709361319568,0.00834843874939178,0.137601791359435,0.0778839723217696,0.600007833219771,0.302497869844379,0.067251400164292,0.0742788666535886,0.218130866657465,0.295478348811172,0.12275330434686,0.0272046331674174,0.0331092458032308,0.095198978309847,0.0922191562259388,0.0365336925410906,0.137839996915197,0.479975004951381,0.033318796130232,0.112864598983164,0.0754806510444192,0.127199237911457,0.168123305585513,0.0226829269155095,0.456407832365488,0.41591834153324,0.463705178858609,0.21171635533257,0.865516339567337,0.623916289408597,0.395165946510084,0.533660229759391,0.18813945754015,0.0642127088474364,0.122620322768196,0.819656167873612,0.525513687505146,0.0680493864247649
"55","28","1_normal",32,169733,0.000188531399315395,0.782238915136695,0.385800182279295,0.267526386495828,0.186175576577721,0.174547772443677,0.513498811040989,0.473466213796162,0.400814439366757,0.223456058701847,0.529628662821878,0.672218166900347,0.39316590905686,0.361835197823946,0.0703689072067865,0.120064635272252,0.170757233218458,0.145926928644454,0.240672461769215,0.636908509709192,0.0875770484820905,0.160261438880235,0.119842869157547,0.349371929819197,0.501102757113234,0.0923393877414627,0.474943733920591,0.450047808091632,0.649802646646842,0.271373684774162,0.87513845865318,0.636361724571009,0.465753140488746,0.39976962765934,0.213711708588039,0.224511731161429,0.472686661837609,0.866537400189845,0.561746507229279,0.206431225030898
"56","28","2_border",12,55703,0.000215428253415435,0.840881679928811,0.430530417495056,0.23736404405224,0.156960463902254,0.151875997452103,0.456303186209677,0.325195710772033,0.405329838432886,0.400386831330502,0.53287510920255,0.441290171307987,0.192071955926553,0.423562651013575,0.0576216429482509,0.0814690468536653,0.173685409185766,0.171683505663722,0.286690431718694,0.504313241624469,0.032072676535268,0.202847852685298,0.0912963522810288,0.329349497070753,0.580087694315434,0.0624602384345519,0.405823235255958,0.431261935323373,0.709602959282222,0.254540226040621,0.823708162145426,0.673199954036579,0.4418866224256,0.589235549544548,0.261254973167153,0.256388807999675,0.390906780063084,0.842666547380398,0.531939230462502,0.211390597083175
"57","28","3_tumor",4784,333723,0.0143352421019828,0.826989082276682,0.143429678285134,0.0676046466363427,0.15608827013934,0.411324327261161,0.609763360148399,0.346369405604447,0.211705856268214,0.33864576953073,0.625389837852508,0.423567740375565,0.209480946039649,0.209072393177204,0.062715429728151,0.106159893780128,0.142115858051195,0.334832967220748,0.445376259567173,0.68479141918891,0.13995106537586,0.155872448552822,0.110712430438429,0.214935610668321,0.628519361990631,0.122912925853967,0.488182534627953,0.45562287981372,0.731750586458992,0.281570950040153,0.870119739053116,0.723266710480914,0.546692280634887,0.694301225060577,0.321829175425986,0.435741779714333,0.282557077619102,0.888247185520235,0.596643084436082,0.128509831316617
"58","18","1_normal",136,169733,0.00080125844709043,0.848303324265355,0.059579824893477,0.0156733756155538,0.142263316620751,0.139220452725112,0.51903703045632,0.523846392293568,0.482820028605954,0.22554770399303,0.422815558255196,0.560845657800351,0.182034376190637,0.382671852250083,0.191747394674152,0.0775480249503328,0.112645335774609,0.173978600191735,0.233953167649706,0.362534046984906,0.0356519167833612,0.263183231458337,0.0804085648060817,0.370224564742198,0.616142060587684,0.0726480260613508,0.138724434510962,0.441072991899314,0.674885580591171,0.0795006774394753,0.412658855414601,0.487590159454253,0.207433294258147,0.346255722530605,0.619447416500821,0.237183004693694,0.297933827703245,0.836214115392856,0.504587858799687,0.187510267991442
"59","18","2_border",56,55703,0.00100533184927203,0.855887354533804,0.127042217758844,0.0542446406091129,0.118266683921863,0.224425741259854,0.478246629767342,0.555620397681269,0.373663156722187,0.331470580114418,0.460071081771007,0.404002392809639,0.173885575874693,0.342915476271321,0.227989224413905,0.041573256180542,0.100439948215379,0.197359503535891,0.279505846611026,0.46175164213398,0.0679347677605319,0.300147320282274,0.0915780632428242,0.269648890137196,0.640044553404644,0.0781699823066873,0.15979381958142,0.406489449126179,0.667753724772653,0.0796714899224214,0.417285362343352,0.543148516650701,0.284487093651245,0.535735512303585,0.651199841787963,0.335803253053399,0.297390029043446,0.843039672419118,0.507274476906025,0.167804635776469
"60","18","3_tumor",3754,333723,0.0112488500942398,0.850303938770132,0.144175460386087,0.0628880115778346,0.13883274148883,0.410190384346878,0.587105668305162,0.594981383307231,0.221113503504146,0.329465593595934,0.626181768758591,0.369783069202732,0.178889937830037,0.196211149962869,0.241044224468147,0.0393967146682476,0.124382475887097,0.333214112439931,0.438655299501634,0.642134024811023,0.127632219526248,0.294766979785957,0.093601890406275,0.192685109025061,0.671561690098419,0.125403388908894,0.203744954029796,0.374468613236509,0.697023273913499,0.103900414541793,0.438197499787205,0.621027759835022,0.40643239203163,0.679798066617652,0.621414610193049,0.482387242679943,0.292546635748378,0.850748903726086,0.535361155491961,0.1917459543609
"61","29","1_normal",3512,169733,0.0206913210748646,0.714366695352109,0.0148034342274096,0.00331794573127474,0.119315639693642,0.04077511874218,0.496333791986162,0.495906873868875,0.063231331984542,0.0398351301195142,0.095473151792289,0.408767928741704,0.0952799625152287,0.0224930371051148,0.179710234074823,0.0525261648570137,0.071163166198799,0.0169635095187863,0.0833605128491598,0.0970239866692525,0.0118405650469497,0.174389331530048,0.0355416399055157,0.059647487892342,0.251599193899899,0.0141957165272806,0.0668008018690933,0.381311971743841,0.0873856220074828,0.0133521050921349,0.325606172138555,0.127400730840234,0.0571523947149145,0.17219553507098,0.61437617352054,0.103292614508757,0.160352706933596,0.729791271534586,0.364792762355119,0.119322706208667
"62","29","2_border",1574,55703,0.0282570059063246,0.715860261095686,0.0200939873326255,0.00554032828408282,0.0908950789292644,0.0392728947022594,0.499623352137457,0.557977075413079,0.0730343465512774,0.040794434659039,0.0892520411578693,0.230410941380709,0.0673249473277751,0.0171202056200326,0.167878183196638,0.0482054832910067,0.0623599764432256,0.0174267047075031,0.0776683275110645,0.164393633021566,0.013477919110493,0.236695874617752,0.0451347873517985,0.0839641225092088,0.300162232504848,0.0184147015721262,0.0720691921153423,0.36793267690464,0.0851788700952146,0.0122733615208499,0.280892027912959,0.159550254849453,0.0766256059368458,0.27707118762651,0.63334311324849,0.112108695580042,0.139252310182399,0.743007685763982,0.385558835224343,0.136566013870853
"63","29","3_tumor",26024,333723,0.0779808403975752,0.689502027851739,0.0233674560950879,0.00602505396677929,0.118343656803031,0.0578997305020123,0.569271111160763,0.57190001313008,0.0852768127599729,0.0543230855206046,0.199757996612265,0.187573599639236,0.0835676245758179,0.0179165613042682,0.220145447320153,0.0213966482064879,0.0744396590494142,0.0214764507511986,0.103447194936726,0.416049612269628,0.0192199969790218,0.264109205745303,0.0550651353622197,0.101574337112931,0.398895496146724,0.0241362205362084,0.0948360532763166,0.306418217179041,0.133145140412085,0.0145352542557395,0.226752048648939,0.322919870586788,0.151824221553414,0.452098587951282,0.601121708483041,0.110373879944583,0.123816005203813,0.748859720489069,0.415290364494076,0.142266639334842
"64","25","1_normal",24,169733,0.000141398549486547,0.685330536555543,0.412136183938037,0.1385025304197,0.119280512819668,0.033573727823505,0.053634126008619,0.378235195063566,0.041348859778105,0.0550598944955671,0.0640149096875641,0.449651845978922,0.126788278593744,0.0447505023430437,0.012755809545949,0.0112077551962761,0.0559059217484867,0.130388743729333,0.231034417978822,0.624274031329782,0.0601002018939308,0.0215800323530517,0.0151249445517172,0.0441765514876616,0.241057737345706,0.0451950024664146,0.1354545164007,0.253479716271122,0.687271837701247,0.0762331872748306,0.532461258701411,0.568590183414522,0.258239177499782,0.351054422620533,0.327151495738575,0.47557969085514,0.23404990663864,0.746424808457963,0.38741769849301,0.0739082578319243
"65","25","2_border",16,55703,0.000287237671220581,0.740436715212764,0.627874763849953,0.327943766665544,0.0800752323279469,0.104514113299503,0.0395423568469786,0.448983538598604,0.12496328088572,0.00343908888192163,0.104347532438962,0.24868019873234,0.0462845172866313,0.0315785787853262,0.00197469080791914,0,0.0342829801830289,0.282465470637097,0.26957703897667,0.6620964024492,0.186603840352616,0.0138419316502568,0.0201725345709158,0.0609743052163093,0.559127020752093,0.0568707261156547,0.12510043632222,0.109073783023735,0.717740707911119,0.0651096127669459,0.525762893197967,0.641923132763202,0.354703018645276,0.478787642598758,0.416344608793675,0.515007233399196,0.132570619741856,0.744083110214645,0.40770061194194,0.100675183107822
"66","25","3_tumor",1262,333723,0.00378157933375884,0.683670516297664,0.686197084579172,0.497744312646678,0.152538854774613,0.162095576373381,0.0740557388300448,0.638058468824593,0.108604212278152,0.0705694099183609,0.165894051537499,0.292741448907846,0.0884996642895695,0.0311055967708608,0.0210843984085315,0.0204396783785476,0.0879806214216939,0.121658273266577,0.259347836508276,0.707159867027909,0.196777244842538,0.0430725419252425,0.0505091511168274,0.110222728761648,0.574271781799631,0.0725444518596819,0.136973604551931,0.189026659500301,0.740509285997226,0.0986399210233569,0.548191478324757,0.615080287647961,0.308865529793668,0.526423324191431,0.382888212008233,0.591297274996011,0.173795136712086,0.762829794039681,0.437004750230755,0.0650162050943442
"67","27","1_normal",17261,169733,0.10169501511197,0.763018859781018,0.112697150971359,0.0338637755534976,0.114702891302032,0.0995943811955484,0.0450019240045123,0.137158559134339,0.31472917125241,0.0535399385491208,0.624215887396161,0.435554716604369,0.104016432253852,0.132180241742498,0.0193525581743512,0.0112160487349342,0.0546745709325204,0.213376264821893,0.179963783206313,0.415008241486984,0.0240142257431821,0.022640238765319,0.0329104348213814,0.0594879768700571,0.481036774430183,0.0483631234073329,0.0475780338731878,0.0847931936124638,0.615854357800392,0.0436321603601749,0.240041390580804,0.488571361094897,0.161310331737591,0.376751740831134,0.224342940193658,0.294961899431252,0.328526744513249,0.736049930796027,0.366794545323043,0.13392377646969
"68","27","2_border",7788,55703,0.139812936466618,0.768505349443222,0.124205101201735,0.0421634729570047,0.0794144594732412,0.11248657209982,0.0403026120535446,0.126793505350527,0.281178007865616,0.0481391829988813,0.627332920204038,0.26482443251667,0.0794234613876529,0.19397433905532,0.0177850591625394,0.0103311032856832,0.046648023772192,0.18120750754274,0.189489149431849,0.40695536866981,0.0214583689841202,0.0365946009258259,0.0313189431718586,0.0547188114031744,0.487809433477511,0.0461649055404396,0.0498417950345394,0.103204286337111,0.61520004883849,0.0444820123808375,0.232410752944349,0.505201248192731,0.197473032205236,0.522765974061829,0.229741570198565,0.257552280695298,0.244165225324316,0.749340862467018,0.3858358328388,0.157333494705384
"69","27","3_tumor",19849,333723,0.059477470836592,0.706148143613251,0.109798162441363,0.0400708786959903,0.107046482264182,0.214929791557394,0.0507889793745354,0.0960063859472548,0.220712308914658,0.0536152267245585,0.630272616177656,0.227524458810907,0.0881489731613631,0.133699923502587,0.0191626263214696,0.0124202728423174,0.0563857300591738,0.170497997552881,0.242521038934676,0.424056346160605,0.0332775732098447,0.0345445397089876,0.0318739694895733,0.0524494485687798,0.495102283237725,0.0533855052623208,0.0492963221326,0.118683112471352,0.602616919939675,0.0447876928968604,0.306239536540537,0.458223229781012,0.194214546021138,0.554900555061771,0.203838759838093,0.322725575526158,0.194038133931,0.738501074496537,0.365414313943536,0.0898068234804709
"70","24","1_normal",812,169733,0.00478398425762816,0.799173971480477,0.484419195167955,0.20682306760869,0.129956203536852,0.364404113354049,0.0603703888075229,0.120910956041556,0.159995401350124,0.0738676417180038,0.699110997556417,0.468593056257225,0.136541448052385,0.0473029889843119,0.0241590745553622,0.0162325440926092,0.0697528925028792,0.470280251946311,0.350726632327571,0.604438595191011,0.104857093491883,0.0229947438808878,0.0405946064140652,0.0887554434011743,0.600685362387108,0.114379631910573,0.0699688612529381,0.099233856733014,0.659330635828955,0.0645639306464771,0.464260667197545,0.601034526995073,0.284215127764599,0.426390777524431,0.38881562816085,0.430381381095048,0.368441142140981,0.747335127328459,0.379427961960219,0.131297245104849
"71","24","2_border",2315,55703,0.0415597005547278,0.799307707236706,0.533109351031441,0.256903514248096,0.0884046821880661,0.461210547251421,0.0517331298485093,0.0876180025550327,0.116525262903803,0.0625348023329741,0.697672647146052,0.327419418750412,0.0997950616937234,0.038536650196095,0.0215213344833449,0.0154605877295121,0.0580294374635837,0.483378367664648,0.421783534454727,0.628349117554491,0.150725542300069,0.0241302449520898,0.0352154294129151,0.060428479798933,0.619077067101989,0.145997242938519,0.0822253729983088,0.0962595208594434,0.652735783240425,0.0566041035742012,0.498916742920865,0.613095028976548,0.332753236482362,0.527293318939713,0.382917152839475,0.411464694394869,0.294237370658551,0.748018758790528,0.382972238397903,0.150256927414695
"72","24","3_tumor",33210,333723,0.0995136685214984,0.770543793398045,0.52573640725452,0.255731668262194,0.111639895643001,0.531911974739862,0.0771551755699217,0.105164704180795,0.107405304442465,0.0787099475767025,0.775131627459341,0.325196235477329,0.12570317953413,0.05136789104032,0.0282992359644767,0.0198518754927327,0.0673639701348906,0.410375431585697,0.418713971913281,0.629777960812034,0.165573386388858,0.0260705820877778,0.0405605232662189,0.0759217505738128,0.653721916725546,0.120483046423186,0.0813638651958544,0.105527371757581,0.676075211718476,0.0643640200334557,0.467628077357456,0.557869286996146,0.299600199087616,0.589878338933819,0.251011538001585,0.464778945419668,0.279762042729978,0.747241173174926,0.378189066692872,0.0897729044086189
"73","21","1_normal",1776,169733,0.0104634926620044,0.802120203631354,0.0249161422016789,0.00540191870631852,0.119533297356764,0.417916155175212,0.0577633700456791,0.0929823735348003,0.100993676149523,0.066733746165911,0.714615135018384,0.455696172422531,0.13090603422799,0.0480190997074774,0.0235049202755861,0.0178091382870963,0.0652469295737043,0.474254010445476,0.36573223624087,0.614986040385308,0.114569500270289,0.0255573446424659,0.0329695003588206,0.0653410012393662,0.611278273249268,0.141920420677448,0.081765295279328,0.105206199840286,0.650460130403442,0.0603638788099456,0.470253407814638,0.58662802936065,0.28002361774658,0.45351807481188,0.378327118779051,0.44110366483141,0.318425514808578,0.736993135545752,0.367950782341887,0.126674046791399
"74","21","2_border",5462,55703,0.0980557600129257,0.808801454637451,0.0244031402886785,0.00713374008939207,0.0884343513172509,0.517366601164119,0.0532742881055754,0.0852599600536898,0.0860256600683062,0.0597559349706871,0.705494265115813,0.309740860207069,0.0987253797610198,0.0422364429246629,0.0206623079840305,0.0160054486211699,0.0550078641320695,0.479989175962675,0.421343789842237,0.633772417747567,0.142131059897591,0.025108952652391,0.0318787842137715,0.0609833174444679,0.631166313740183,0.143009024817091,0.0816300214701368,0.0973171896050084,0.650046507994131,0.0548514356821797,0.496924607452352,0.59592185598359,0.32537337220564,0.561980799256266,0.376715773732846,0.419526755466586,0.265011741404185,0.744970190440042,0.383035073489021,0.154817197134477
"75","21","3_tumor",92164,333723,0.276169158254001,0.770906079134021,0.0185891407539303,0.00566152904557179,0.114762128447536,0.582753435342721,0.0755317538063848,0.0918269521753991,0.0844872085655847,0.0745626501500282,0.778434058880433,0.304684344040989,0.120356034402002,0.0707718959786212,0.0275239415288156,0.0185113933238045,0.0599291707758596,0.398280034046107,0.417859176070978,0.628351304379572,0.142622883096141,0.0217161016082963,0.0358965163328559,0.0688607350495187,0.650045424258689,0.113065121266073,0.0758039900874997,0.10061653036652,0.665093849553687,0.0585062883759236,0.451830141494902,0.539392362529439,0.289847315450813,0.614446424450693,0.25558803623432,0.484199219230525,0.243867901791713,0.737002189508789,0.36520642571906,0.084941729306254
"76","23","1_normal",391,169733,0.00230361803538499,0.726972049450111,0.247260799361196,0.0709497635961245,0.297629443991409,0.333235532725432,0.14845263414615,0.411778477277017,0.386722059532844,0.170807530319412,0.45670934093928,0.452044459139055,0.307614427398179,0.434236760414944,0.0928470968548193,0.158262623786945,0.410021011256551,0.676025236019069,0.446833706652551,0.401567926097071,0.365608652214982,0.329902356056765,0.232093999944229,0.406496401020689,0.533227792626458,0.454940719065554,0.286019172912082,0.510182842867281,0.507729513244864,0.371728984732343,0.344513806262163,0.600776424105436,0.539682507854793,0.548305617110868,0.354701474780963,0.532865596870428,0.389568884459738,0.808094466698055,0.597871816220663,0.499300995971109
"77","23","2_border",293,55703,0.00526003985422688,0.851053219722828,0.185642402390793,0.0963169543744481,0.580053865506234,0.533950289088869,0.0908687340188028,0.170976156836926,0.237003705209705,0.116520649838994,0.752104059146568,0.386284474009119,0.154935037199863,0.161023893176648,0.0479226690388218,0.0423928544394517,0.133773797536304,0.625461597961279,0.515140697426568,0.657908069876364,0.221325493918401,0.109532415542187,0.0857628485782274,0.185148752522291,0.643162891629948,0.243093426814259,0.136985999443018,0.21644502694857,0.690320833380672,0.120801658563027,0.530498119226999,0.676612919733638,0.476072856281237,0.635365176117482,0.545976386795955,0.527527335124522,0.308616039578763,0.815479896426708,0.496725233563191,0.225683764026582
"78","23","3_tumor",4728,333723,0.0141674382646686,0.857747367287109,0.0653342873955648,0.0208510509052374,0.152427698640017,0.714252027571998,0.134719660454714,0.187587098244541,0.231525185851562,0.137564965191557,0.847996784533909,0.413470176220199,0.213918331690523,0.208057124795956,0.0547911552913594,0.0387758934832276,0.146908144566514,0.5326527580264,0.506802323281415,0.694787499303881,0.21676700433928,0.1111737395266,0.0863632290470245,0.199431132585497,0.735389291926234,0.201916497088758,0.15274017098581,0.257309950138743,0.765277450484868,0.128232202086636,0.527233381459459,0.640507892992879,0.489574883232852,0.738214038170368,0.39541046517295,0.593753771193601,0.363565151939615,0.838736790063144,0.512589612338791,0.172986458847559
"79","1","1_normal",14399,169733,0.0848332380856993,0.765428971810386,0.0348123292848297,0.00922383537286548,0.116243605255258,0.0482783269517,0.0394411942347893,0.0514676954451837,0.344372183415311,0.672929953661886,0.162827809219293,0.410253448815944,0.0876184636989924,0.545353735413323,0.0263374199406141,0.00986754669401747,0.0565073629904874,0.113340925784769,0.189955982895141,0.23361966289691,0.0132103583757599,0.0978198143622253,0.0326243922305579,0.169543930440124,0.494759621385581,0.0480717512047801,0.100758871648956,0.134082832923939,0.61925130464645,0.0670526158933736,0.118933595691701,0.52350851352902,0.168635957565031,0.347883074926456,0.116393789469824,0.0793048660520681,0.141251892249476,0.742800718708367,0.381173708715639,0.125347482952922
"80","1","2_border",14419,55703,0.258854998833097,0.762047825510036,0.035350825403833,0.0111307206690702,0.0810886277562996,0.0376447737090047,0.0332412208088975,0.0456762081092885,0.348873442113059,0.657009163056121,0.141388238451868,0.219675466262635,0.0627887819639896,0.575111974447783,0.023772932234133,0.00837967137023592,0.0481571205553816,0.0764556646097275,0.180684168545791,0.20570763430487,0.0123577992298219,0.123785421179979,0.0297139124237591,0.1116071620611,0.491860104150882,0.0424316353491586,0.0894472945645725,0.13269189406665,0.609481599416736,0.0603121183638343,0.103942478348098,0.511490811888042,0.187631705614195,0.510691239707117,0.124304362456699,0.0640245609055111,0.108278838333308,0.754616200779268,0.396741208770708,0.141045140653554
"81","1","3_tumor",20928,333723,0.0627106912019849,0.731250004788533,0.0365621047348652,0.0112384169398316,0.112460700036557,0.0497983648029309,0.0411202249307933,0.0487334096932985,0.281851775187694,0.697816703573684,0.184145049660277,0.195000230668028,0.0714040564457535,0.626609927364818,0.0295779657223985,0.00985501132599898,0.0558497126988435,0.0788922428677766,0.244681946755683,0.186841498210317,0.0149646449056677,0.128477462639183,0.0298064693730301,0.127559715459099,0.527790264496647,0.053125641906001,0.0830539956345919,0.186067054314983,0.627779316449088,0.0589431078977587,0.169066333022576,0.493182762020039,0.198119745913716,0.542810400797165,0.131114113320701,0.0775450810801105,0.0894510914898674,0.748279464742637,0.385578466453877,0.0836419549215835
"82","22","1_normal",467,169733,0.00275138010875905,0.822559870100886,0.418527438347527,0.155018438206487,0.12530477237602,0.1072531372949,0.0533343108362591,0.0839797068860213,0.315615633736145,0.673375478072526,0.272359152423066,0.45498521095345,0.100183637118754,0.19178063147305,0.0189645910816366,0.0148815886583269,0.0731697161738064,0.371333027696043,0.338470794431819,0.487001230922652,0.0387927292982362,0.0444732798634334,0.039768237532467,0.126610152132158,0.522970161643828,0.0642257124282876,0.0967557826448035,0.135035172846801,0.708002663176868,0.10430819156584,0.34387067814981,0.626525225790316,0.293765394956058,0.442384777807325,0.33683429754242,0.368501377874292,0.303559183392932,0.765091348886224,0.407663260405852,0.153931342961704
"83","22","2_border",593,55703,0.0106457461896128,0.837426732149324,0.449650963472501,0.208816024020933,0.0815707132882448,0.152771848014514,0.0499213085494986,0.0813102419025767,0.273389660094026,0.678241437939541,0.285264978650772,0.288483493959771,0.0843810629136919,0.228692674863051,0.0250568328372382,0.0149405334969762,0.0658449574317795,0.384095430175173,0.410566821985571,0.5097510879591,0.0526065631559909,0.0610421807047374,0.0429014174864117,0.127338568546706,0.583253789193314,0.084425216107279,0.111209535775041,0.149327603227951,0.721211691482515,0.11656202812228,0.371775284672945,0.645473865867137,0.345942582338835,0.58400070368869,0.349047200671793,0.377115359652674,0.250494556607115,0.777565239514159,0.426132029360937,0.202206876451934
"84","22","3_tumor",13316,333723,0.039901355315636,0.84179006565624,0.374048053468439,0.187431838897019,0.123726045153463,0.305722355606299,0.0830990152252455,0.108221771158281,0.2052273845179,0.730849421418224,0.49750527199033,0.303105785448294,0.127826035358472,0.273729590559164,0.0360665973348622,0.0224936159356193,0.0954682946209073,0.454022396081655,0.561682194459957,0.589624024018903,0.115695436389396,0.068746818071232,0.0516225440777319,0.160580532505541,0.660122510784126,0.12061931214457,0.196003186645741,0.21933937244957,0.797874411778354,0.170755826026556,0.428592549465559,0.678056090305871,0.434139191628653,0.687424998652866,0.328725951292839,0.563081440383578,0.235070246155921,0.797879185334813,0.454574980214763,0.127519581532608
"85","26","1_normal",1650,169733,0.00972115027720007,0.793229267330105,0.023941443994423,0.00624676878602687,0.139569294195812,0.0443624475697831,0.0413104892186054,0.0501702554064132,0.139328349607023,0.682167127588255,0.163693733978737,0.407760371738132,0.0856518599831271,0.115750588285117,0.0162096690876002,0.0120376792570618,0.0632299667539481,0.24362517395866,0.42783393129015,0.5143826918479,0.0442825407538482,0.0540547971563092,0.0269382034558417,0.111328142390553,0.414463503314764,0.0804270256677417,0.23255248369943,0.16075636586492,0.705598953022893,0.148108747810466,0.268883992450629,0.671602044421168,0.334253786765822,0.395966872691102,0.327170989632771,0.412664521023979,0.171156713680121,0.73754915028726,0.373551139427134,0.136263426176309
"86","26","2_border",1910,55703,0.0342889970019568,0.806603109277465,0.0278472715033906,0.00743731699579413,0.0950656492197482,0.0384695691077622,0.0363925866987618,0.0448231942273253,0.108513599932284,0.679925732015455,0.150287622785037,0.238924433737264,0.0686618199598529,0.147699499480978,0.0161524595887899,0.0126074578152281,0.0617715793063708,0.257035382059065,0.502942656263666,0.521860311300478,0.0618442159018781,0.065725816125013,0.0269965119094125,0.105983698738579,0.514079204385037,0.108962988123153,0.219882312275797,0.14581015814628,0.71311728991959,0.164609387323719,0.263579484115683,0.673970219483726,0.342444737649941,0.557779377686246,0.347638489676325,0.431649818107719,0.134803829168726,0.750004659226912,0.38898564097853,0.17596897562366
"87","26","3_tumor",44874,333723,0.134464810636366,0.783778769316549,0.0214781897728615,0.0058196469196544,0.113936772090153,0.0466400697567365,0.0446805156300823,0.0484155480053488,0.0908307868384767,0.708579082913021,0.19327940965164,0.193059387903852,0.0711123658661176,0.192548999689788,0.0175659932387955,0.010967470434932,0.0670261415437445,0.211353589365318,0.525126497037979,0.534387557116804,0.0568378567601649,0.053668555995153,0.028037011144521,0.117873514176719,0.523659192779896,0.0843902935994104,0.271376478804991,0.18761986049056,0.752325749837214,0.147499589086542,0.292403797416617,0.652918572829539,0.355863014729824,0.615513172741527,0.277201655855956,0.553161696625517,0.1226078941518,0.741373173173775,0.372140040863445,0.100748183317607
